Mouse ID,Timepoint,Tumor Volume (mm3),Metastatic Sites,Mouse ID + Timepoint,
x401,40,28.16739732,0,x40140,
x401,45,28.48403281,0,x40145,
x401,35,30.20682488,0,x40135,
s508,45,30.27623175,0,s50845,
f966,20,30.48598484,0,f96620,
z578,45,30.63869575,0,z57845,
f966,15,32.62300253,0,f96615,
s508,40,32.79817119,0,s50840,
t565,30,32.86891617,0,t56530,
x401,30,32.91529186,0,x40130,
n364,25,33.20500824,0,n36425,
t565,35,33.51567063,0,t56535,
n364,30,33.817758,0,n36430,
t565,40,33.94934131,0,t56540,
s185,25,33.94994037,0,s18525,
z578,40,34.02209336,0,z57840,
t565,45,34.45529799,0,t56545,
j913,30,34.75724046,0,j91330,
s508,10,34.8509979,0,s50810,
i738,25,34.97343761,0,i73825,
a644,35,35.12863083,0,a64435,
j913,35,35.17014843,0,j91335,
s508,15,35.27690634,0,s50815,
i177,20,35.34536136,0,i17720,
s508,30,35.47402235,0,s50830,
a520,15,35.590254,0,a52015,
f966,10,35.6244027,0,f96610,
a644,40,35.77945086,0,a64440,
s508,35,35.8461407,0,s50835,
s508,20,35.92865083,0,s50820,
a520,20,35.94774514,0,a52020,
x401,20,36.06583471,0,x40120,
c326,5,36.3213458,0,c3265,
s508,25,36.33856894,0,s50825,
a520,10,36.42938781,0,a52010,
x401,25,36.61712031,0,x40125,
m546,20,36.71229535,0,m54620,
s185,20,36.86687576,0,s18520,
z578,20,36.89001635,0,z57820,
n364,15,36.94027399,0,n36415,
a644,30,37.21112063,0,a64430,
t565,25,37.34220976,0,t56525,
z578,25,37.41411419,0,z57825,
m546,25,37.44444543,0,m54625,
n364,20,37.4788685,0,n36420,
r811,25,37.61401068,0,r81125,
s185,10,37.61494768,0,s18510,
z578,30,37.81593487,0,z57830,
j913,25,37.86066936,0,j91325,
b742,20,37.95035546,0,b74220,
m546,30,37.96993365,0,m54630,
i738,15,37.97877782,0,i73815,
s185,15,38.17723195,0,s18515,
r811,30,38.24206639,0,r81130,
b742,40,38.2556274,0,b74240,
z578,35,38.50482444,0,z57835,
i738,20,38.53113634,0,i73820,
b742,25,38.61768433,0,b74225,
z578,15,38.68851607,0,z57815,
s508,5,38.71187185,0,s5085,
a520,5,38.72370695,0,a5205,
f966,5,38.79647373,0,f9665,
k403,5,38.82589807,0,k4035,
b742,45,38.93963263,0,b74245,
t565,20,39.0702138,0,t56520,
x401,10,39.11389068,0,x40110,
i334,15,39.15800115,0,i33415,
b742,30,39.1679495,0,b74230,
w150,5,39.20212894,0,w1505,
r811,10,39.453903,0,r81110,
b742,15,39.52484301,0,b74215,
v923,20,39.64829568,0,v92320,
i334,20,39.6878317,0,i33420,
x401,15,39.77625003,0,x40115,
b742,35,39.84757556,0,b74235,
v923,10,39.84822328,0,v92310,
m546,15,39.89743533,0,m54615,
w150,10,39.95234669,0,w15010,
r811,15,40.02229235,0,r81115,
q610,25,40.14645019,0,q61025,
g791,10,40.17055848,0,g79110,
w914,25,40.29191661,0,w91425,
i177,15,40.33093479,0,i17715,
n364,10,40.3751382,0,n36410,
v923,15,40.45798877,0,v92315,
g791,15,40.67812852,0,g79115,
r811,20,40.7728027,0,r81120,
w914,30,40.99311013,0,w91430,
y793,5,41.01991315,0,y7935,
i334,5,41.02051821,0,i3345,
i177,10,41.02092924,0,i17710,
w914,20,41.10809233,0,w91420,
g791,20,41.211897,0,g79120,
q597,15,41.39566036,0,q59715,
a644,25,41.48122408,0,a64425,
b742,5,41.53409702,0,b7425,
i334,10,41.63124731,0,i33410,
a444,20,41.71461874,0,a44420,
a444,35,41.73595083,0,a44435,
s710,15,41.84523536,0,s71015,
q597,20,41.9255866,0,q59720,
b742,10,41.99922813,0,b74210,
j913,20,42.16834132,0,j91320,
z578,5,42.18878662,0,z5785,
i557,5,42.2616653,0,i5575,
a444,25,42.29139437,0,a44425,
a444,40,42.50492554,0,a44440,
q597,10,42.53798598,0,q59710,
r921,10,42.71192694,0,r92110,
b128,20,42.731552,0,b12820,
a444,30,42.78627835,0,a44430,
z578,10,42.95211843,0,z57810,
i557,10,42.99207658,0,i55710,
m546,5,42.99887638,0,m5465,
a444,15,43.00127957,0,a44415,
a444,45,43.0475426,0,a44445,
w678,5,43.16637266,0,w6785,
s710,5,43.1809774,0,s7105,
w914,10,43.23196275,0,w91410,
b128,10,43.2708519,0,b12810,
j246,15,43.31265415,0,j24615,
i738,10,43.42101414,0,i73810,
r921,15,43.52726054,0,r92115,
i557,15,43.5298757,0,i55715,
e662,15,43.55377339,0,e66215,
s710,10,43.68802627,0,s71010,
w914,15,43.68844893,0,w91415,
m546,10,43.74822357,0,m54610,
b128,15,43.78489343,0,b12815,
s185,5,43.87849569,0,s1855,
i557,20,43.96789516,0,i55720,
e662,20,44.0012958,0,e66220,
a444,5,44.00597487,0,a4445,
j913,5,44.01490022,0,j9135,
j246,20,44.02037009,0,j24620,
g316,5,44.02275246,0,g3165,
l897,15,44.0615214,0,l89715,
i177,5,44.06539783,0,i1775,
r921,20,44.13631588,0,r92120,
y449,15,44.18345092,0,y44915,
t565,15,44.44094861,0,t56515,
j913,10,44.49716216,0,j91310,
g316,10,44.50204246,0,g31610,
a444,10,44.51255951,0,a44410,
j246,25,44.55522595,0,j24625,
i557,25,44.59621854,0,i55725,
l897,20,44.81309343,0,l89720,
q610,10,44.99148471,0,q61010,
b128,0,45,0,b1280,
f932,0,45,0,f9320,
g107,0,45,0,g1070,
a457,0,45,0,a4570,
c819,0,45,0,c8190,
h246,0,45,0,h2460,
p189,0,45,0,p1890,
n923,0,45,0,n9230,
q119,0,45,0,q1190,
f993,0,45,0,f9930,
z234,0,45,0,z2340,
b559,0,45,0,b5590,
y260,0,45,0,y2600,
x930,0,45,0,x9300,
o725,0,45,0,o7250,
z969,0,45,0,z9690,
v835,0,45,0,v8350,
r604,0,45,0,r6040,
n304,0,45,0,n3040,
l700,0,45,0,l7000,
x336,0,45,0,x3360,
l725,0,45,0,l7250,
m133,0,45,0,m1330,
v295,0,45,0,v2950,
a818,0,45,0,a8180,
y601,0,45,0,y6010,
t724,0,45,0,t7240,
k382,0,45,0,k3820,
w422,0,45,0,w4220,
c326,0,45,0,c3260,
c139,0,45,0,c1390,
v339,0,45,0,v3390,
a577,0,45,0,a5770,
y163,0,45,0,y1630,
k483,0,45,0,k4830,
k804,0,45,0,k8040,
o809,0,45,0,o8090,
z581,0,45,0,z5810,
a251,0,45,0,a2510,
i386,0,45,0,i3860,
c580,0,45,0,c5800,
q132,0,45,0,q1320,
u327,0,45,0,u3270,
v603,0,45,0,v6030,
f278,0,45,0,f2780,
g497,0,45,0,g4970,
d474,0,45,0,d4740,
o973,0,45,0,o9730,
c832,0,45,0,c8320,
o331,0,45,0,o3310,
m650,0,45,0,m6500,
v289,0,45,0,v2890,
m550,0,45,0,m5500,
h428,0,45,0,h4280,
r701,0,45,0,r7010,
v199,0,45,0,v1990,
x264,0,45,0,x2640,
f234,0,45,0,f2340,
c458,0,45,0,c4580,
q610,0,45,0,q6100,
j913,0,45,0,j9130,
a411,0,45,0,a4110,
a444,0,45,0,a4440,
d251,0,45,0,d2510,
j989,0,45,0,j9890,
y449,0,45,0,y4490,
k403,0,45,0,k4030,
c758,0,45,0,c7580,
x402,0,45,0,x4020,
r811,0,45,0,r8110,
a644,0,45,0,a6440,
i177,0,45,0,i1770,
g791,0,45,0,g7910,
a520,0,45,0,a5200,
u196,0,45,0,u1960,
m546,0,45,0,m5460,
w678,0,45,0,w6780,
n364,0,45,0,n3640,
s508,0,45,0,s5080,
e662,0,45,0,e6620,
z578,0,45,0,z5780,
r921,0,45,0,r9210,
a492,0,45,0,a4920,
w540,0,45,0,w5400,
v764,0,45,0,v7640,
z795,0,45,0,z7950,
e291,0,45,0,e2910,
e584,0,45,0,e5840,
e213,0,45,0,e2130,
j755,0,45,0,j7550,
s565,0,45,0,s5650,
a366,0,45,0,a3660,
p387,0,45,0,p3870,
b879,0,45,0,b8790,
i901,0,45,0,i9010,
k862,0,45,0,k8620,
g867,0,45,0,g8670,
s619,0,45,0,s6190,
w697,0,45,0,w6970,
j984,0,45,0,j9840,
c402,0,45,0,c4020,
h333,0,45,0,h3330,
k510,0,45,0,k5100,
p981,0,45,0,p9810,
t451,0,45,0,t4510,
a963,0,45,0,a9630,
m269,0,45,0,m2690,
g989,0,45,0,g9890,
z314,0,45,0,z3140,
o848,0,45,0,o8480,
v719,0,45,0,v7190,
q597,0,45,0,q5970,
c895,0,45,0,c8950,
a203,0,45,0,a2030,
f394,0,45,0,f3940,
c264,0,45,0,c2640,
n967,0,45,0,n9670,
f545,0,45,0,f5450,
k894,0,45,0,k8940,
k754,0,45,0,k7540,
g296,0,45,0,g2960,
d164,0,45,0,d1640,
w575,0,45,0,w5750,
x613,0,45,0,x6130,
q633,0,45,0,q6330,
b313,0,45,0,b3130,
f129,0,45,0,f1290,
j365,0,45,0,j3650,
p136,0,45,0,p1360,
c559,0,45,0,c5590,
a788,0,45,0,a7880,
s337,0,45,0,s3370,
q511,0,45,0,q5110,
m331,0,45,0,m3310,
o926,0,45,0,o9260,
d133,0,45,0,d1330,
n630,0,45,0,n6300,
g989,0,45,0,g9890,
a401,0,45,0,a4010,
w350,0,45,0,w3500,
c302,0,45,0,c3020,
a897,0,45,0,a8970,
j235,0,45,0,j2350,
q787,0,45,0,q7870,
a262,0,45,0,a2620,
r850,0,45,0,r8500,
i669,0,45,0,i6690,
n763,0,45,0,n7630,
s152,0,45,0,s1520,
c766,0,45,0,c7660,
e227,0,45,0,e2270,
c282,0,45,0,c2820,
v989,0,45,0,v9890,
w140,0,45,0,w1400,
v409,0,45,0,v4090,
l872,0,45,0,l8720,
o795,0,45,0,o7950,
y478,0,45,0,y4780,
q582,0,45,0,q5820,
s166,0,45,0,s1660,
x773,0,45,0,x7730,
w167,0,45,0,w1670,
t718,0,45,0,t7180,
o302,0,45,0,o3020,
i477,0,45,0,i4770,
c757,0,45,0,c7570,
t994,0,45,0,t9940,
p310,0,45,0,p3100,
a699,0,45,0,a6990,
k603,0,45,0,k6030,
x822,0,45,0,x8220,
l558,0,45,0,l5580,
l733,0,45,0,l7330,
f436,0,45,0,f4360,
l490,0,45,0,l4900,
b759,0,45,0,b7590,
l471,0,45,0,l4710,
y865,0,45,0,y8650,
y769,0,45,0,y7690,
l661,0,45,0,l6610,
j296,0,45,0,j2960,
u149,0,45,0,u1490,
u153,0,45,0,u1530,
w151,0,45,0,w1510,
h531,0,45,0,h5310,
a685,0,45,0,a6850,
o813,0,45,0,o8130,
m756,0,45,0,m7560,
n671,0,45,0,n6710,
s121,0,45,0,s1210,
v766,0,45,0,v7660,
w193,0,45,0,w1930,
e476,0,45,0,e4760,
w584,0,45,0,w5840,
b447,0,45,0,b4470,
k210,0,45,0,k2100,
a275,0,45,0,a2750,
x581,0,45,0,x5810,
n482,0,45,0,n4820,
t198,0,45,0,t1980,
l215,0,45,0,l2150,
s141,0,45,0,s1410,
o523,0,45,0,o5230,
i635,0,45,0,i6350,
w746,0,45,0,w7460,
r107,0,45,0,r1070,
s187,0,45,0,s1870,
g570,0,45,0,g5700,
x209,0,45,0,x2090,
x111,0,45,0,x1110,
z435,0,45,0,z4350,
n678,0,45,0,n6780,
g558,0,45,0,g5580,
u946,0,45,0,u9460,
o562,0,45,0,o5620,
v991,0,45,0,v9910,
c927,0,45,0,c9270,
x226,0,45,0,x2260,
p438,0,45,0,p4380,
b487,0,45,0,b4870,
o287,0,45,0,o2870,
q483,0,45,0,q4830,
t573,0,45,0,t5730,
f345,0,45,0,f3450,
i334,0,45,0,i3340,
l264,0,45,0,l2640,
j246,0,45,0,j2460,
r554,0,45,0,r5540,
s185,0,45,0,s1850,
b742,0,45,0,b7420,
x401,0,45,0,x4010,
l509,0,45,0,l5090,
s710,0,45,0,s7100,
r157,0,45,0,r1570,
u364,0,45,0,u3640,
j119,0,45,0,j1190,
v923,0,45,0,v9230,
w914,0,45,0,w9140,
i738,0,45,0,i7380,
r944,0,45,0,r9440,
y793,0,45,0,y7930,
g316,0,45,0,g3160,
g288,0,45,0,g2880,
l897,0,45,0,l8970,
w150,0,45,0,w1500,
t565,0,45,0,t5650,
i557,0,45,0,i5570,
m957,0,45,0,m9570,
f966,0,45,0,f9660,
m601,0,45,0,m6010,
g316,15,45.21674299,0,g31615,
j913,15,45.25253427,0,j91315,
i557,30,45.26138381,0,i55730,
l897,25,45.35467916,0,l89725,
l897,5,45.46224327,0,l8975,
a411,5,45.46667714,0,a4115,
x401,5,45.47375302,0,x4015,
c895,5,45.47754399,0,c8955,
w193,5,45.49385802,0,w1935,
n364,5,45.52187471,0,n3645,
o523,5,45.54470008,0,o5235,
a644,5,45.55015754,0,a6445,
r921,5,45.56821083,0,r9215,
c758,5,45.5786783,0,c7585,
o287,5,45.58680362,0,o2875,
f345,5,45.5911466,0,f3455,
i738,5,45.59568527,0,i7385,
r157,5,45.59706359,0,r1575,
r811,5,45.62580225,0,r8115,
q610,5,45.62949421,0,q6105,
j246,5,45.64143788,0,j2465,
b128,5,45.65133131,0,b1285,
e584,5,45.6569785,0,e5845,
u327,5,45.69418805,0,u3275,
a818,5,45.69670864,0,a8185,
o813,5,45.69933088,0,o8135,
v923,5,45.70443431,0,v9235,
c458,5,45.72227949,0,c4585,
c282,5,45.72568973,0,c2825,
k754,5,45.7277604,0,k7545,
r944,5,45.73714484,0,r9445,
h333,5,45.75172728,0,h3335,
q597,5,45.76611104,0,q5975,
c264,5,45.79170389,0,c2645,
u149,5,45.79206792,0,u1495,
l558,5,45.80908882,0,l5585,
e662,5,45.81628252,0,e6625,
n923,5,45.82488099,0,n9235,
s141,5,45.83113434,0,s1415,
q511,5,45.83265378,0,q5115,
j119,5,45.83899787,0,j1195,
g288,5,45.83939976,0,g2885,
l509,5,45.85119285,0,l5095,
g791,5,45.85153062,0,g7915,
a644,20,45.86506461,0,a64420,
y449,5,45.87754494,0,y4495,
q610,15,45.88902756,0,q61015,
w914,5,45.89372032,0,w9145,
t565,5,45.8956472,0,t5655,
d474,5,45.91835225,0,d4745,
l700,5,45.91837165,0,l7005,
z314,5,45.93471217,0,z3145,
i557,35,45.94194901,0,i55735,
v603,5,46.01600593,0,v6035,
k603,5,46.04211582,0,k6035,
w584,5,46.05193075,0,w5845,
r157,10,46.05960827,0,r15710,
x930,5,46.07823375,0,x9305,
n763,5,46.08598142,0,n7635,
x613,5,46.09704058,0,x6135,
n630,5,46.09909969,0,n6305,
a401,5,46.11198591,0,a4015,
e291,5,46.14250486,0,e2915,
l897,10,46.15473721,0,l89710,
l733,5,46.17422627,0,l7335,
g558,5,46.18874193,0,g5585,
v289,5,46.20446003,0,v2895,
b487,5,46.21397739,0,b4875,
v409,5,46.22079642,0,v4095,
a963,5,46.23350581,0,a9635,
v339,5,46.25011212,0,v3395,
l471,5,46.25187204,0,l4715,
l661,5,46.26879904,0,l6615,
c758,10,46.28799223,0,c75810,
c927,5,46.35184205,0,c9275,
t724,5,46.35925829,0,t7245,
y449,10,46.37809248,0,y44910,
a644,10,46.38071258,0,a64410,
f993,5,46.39575966,0,f9935,
j246,10,46.4083613,0,j24610,
e662,10,46.40908385,0,e66210,
a492,5,46.40914339,0,a4925,
j119,10,46.42536551,0,j11910,
n304,5,46.43121629,0,n3045,
i901,5,46.49302392,0,i9015,
r157,15,46.53920617,0,r15715,
r944,10,46.54429202,0,r94410,
a699,5,46.55308986,0,a6995,
c559,5,46.56263793,0,c5595,
f545,5,46.56581263,0,f5455,
q610,20,46.58543347,0,q61020,
j235,5,46.58881978,0,j2355,
g296,5,46.59323337,0,g2965,
s619,5,46.60226878,0,s6195,
k603,10,46.60694676,0,k60310,
k510,5,46.6084671,0,k5105,
k483,5,46.61105571,0,k4835,
d164,5,46.61767061,0,d1645,
m133,5,46.62130127,0,m1335,
c580,5,46.6284548,0,c5805,
i477,5,46.65738471,0,i4775,
l264,5,46.66876646,0,l2645,
j365,5,46.7112611,0,j3655,
o973,5,46.71787727,0,o9735,
t565,10,46.74900552,0,t56510,
x209,5,46.75426887,0,x2095,
l509,10,46.75907363,0,l50910,
o926,5,46.76116373,0,o9265,
l558,10,46.78453491,0,l55810,
a275,5,46.79525728,0,a2755,
y260,5,46.79983867,0,y2605,
x613,10,46.8181759,0,x61310,
p438,5,46.82793418,0,p4385,
z795,5,46.83347493,0,z7955,
s337,5,46.84985157,0,s3375,
r850,5,46.86291194,0,r8505,
a685,5,46.87048256,0,a6855,
o809,5,46.87724316,0,o8095,
g867,5,46.88074916,0,g8675,
r701,5,46.88697137,0,r7015,
o725,5,46.88982098,0,o7255,
a644,15,46.91089166,0,a64415,
d474,10,46.97496297,0,d47410,
a251,5,46.98212719,0,a2515,
f129,5,47.00059399,0,f1295,
p981,5,47.00062717,0,p9815,
a788,5,47.00658024,0,a7885,
f394,5,47.03309963,0,f3945,
x264,5,47.0384145,0,x2645,
v764,5,47.05418474,0,v7645,
e476,5,47.11180113,0,e4765,
z435,5,47.11597963,0,z4355,
q787,5,47.11661587,0,q7875,
a963,10,47.15052201,0,a96310,
b313,5,47.15443254,0,b3135,
v835,5,47.15601071,0,v8355,
q633,5,47.18380215,0,q6335,
s166,5,47.18678778,0,s1665,
v719,5,47.18836325,0,v7195,
x581,5,47.1969266,0,x5815,
n304,10,47.20125097,0,n30410,
f345,10,47.22244619,0,f34510,
s141,10,47.23569156,0,s14110,
i635,5,47.23593715,0,i6355,
e227,5,47.23801112,0,e2275,
j755,5,47.24284357,0,j7555,
e584,10,47.25064148,0,e58410,
c559,10,47.29326012,0,c55910,
w584,10,47.29850794,0,w58410,
c766,5,47.31305537,0,c7665,
f234,5,47.31349062,0,f2345,
j119,15,47.32298428,0,j11915,
n671,5,47.35388938,0,n6715,
a275,10,47.37134328,0,a27510,
r944,15,47.37342325,0,r94415,
u149,10,47.40483439,0,u14910,
b559,5,47.40989731,0,b5595,
t198,5,47.46126052,0,t1985,
a457,5,47.462891,0,a4575,
m133,10,47.50333803,0,m13310,
i477,10,47.52063206,0,i47710,
p981,10,47.54584585,0,p98110,
n678,5,47.55428429,0,n6785,
g989,5,47.57039208,0,g9895,
k894,5,47.64568674,0,k8945,
b487,10,47.6643871,0,b48710,
a685,10,47.66475264,0,a68510,
w140,5,47.71795156,0,w1405,
d474,15,47.77793584,0,d47415,
c757,5,47.78327981,0,c7575,
h531,5,47.7846818,0,h5315,
v603,10,47.8305568,0,v60310,
a963,15,47.83685218,0,a96315,
q119,5,47.86444,0,q1195,
a699,10,47.86737569,0,a69910,
t994,5,47.8914871,0,t9945,
s337,10,47.8944415,0,s33710,
f234,10,47.90432375,0,f23410,
k210,5,47.91899771,0,k2105,
b759,5,48.00919049,0,b7595,
z795,10,48.0308039,0,z79510,
b559,10,48.03643202,0,b55910,
t451,5,48.04713882,0,t4515,
x613,15,48.0776464,0,x61315,
v289,10,48.13348207,0,v28910,
j755,10,48.16706083,0,j75510,
c282,10,48.17950638,0,c28210,
l471,10,48.18206306,0,l47110,
g867,10,48.18340167,0,g86710,
f993,10,48.18537323,0,f99310,
f278,5,48.19457788,0,f2785,
o725,10,48.199452,0,o72510,
w350,5,48.23211311,0,w3505,
s565,5,48.24255218,0,s5655,
o973,10,48.24579043,0,o97310,
k804,5,48.26620364,0,k8045,
g296,10,48.26950861,0,g29610,
y163,5,48.28497016,0,y1635,
w193,10,48.34655046,0,w19310,
j365,10,48.34932028,0,j36510,
f345,15,48.35223854,0,f34515,
l733,10,48.35495154,0,l73310,
a492,10,48.43219661,0,a49210,
w422,5,48.45745927,0,w4225,
n304,15,48.47797895,0,n30415,
a203,5,48.5084684,0,a2035,
r107,5,48.51342027,0,r1075,
u149,15,48.52237343,0,u14915,
s337,15,48.57151582,0,s33715,
p387,5,48.66763075,0,p3875,
o809,10,48.6707318,0,o80910,
z435,10,48.71066147,0,z43510,
c139,5,48.75311208,0,c1395,
k603,15,48.7752855,0,k60315,
g497,5,48.78206878,0,g4975,
w167,5,48.78627194,0,w1675,
g989,5,48.78680146,0,g9895,
g107,5,48.79166496,0,g1075,
v989,5,48.85813451,0,v9895,
w350,10,48.89955238,0,w35010,
x209,10,48.92989543,0,x20910,
o302,5,48.93701188,0,o3025,
a366,5,48.95136773,0,a3665,
a685,15,48.95147442,0,a68515,
t451,10,48.95791906,0,t45110,
v835,10,48.96591797,0,v83510,
s166,10,49.00012468,0,s16610,
q633,10,49.00186559,0,q63310,
m269,5,49.0111801,0,m2695,
c264,10,49.02659196,0,c26410,
b759,10,49.13335499,0,b75910,
r107,10,49.18601052,0,r10710,
k862,5,49.20305786,0,k8625,
c757,10,49.21931669,0,c75710,
u327,10,49.23525948,0,u32710,
c282,15,49.26607873,0,c28215,
p136,5,49.27397096,0,p1365,
l733,15,49.28519504,0,l73315,
z969,5,49.33299873,0,z9695,
k210,10,49.37993231,0,k21010,
w193,15,49.38557373,0,w19315,
l471,15,49.40687901,0,l47115,
e476,10,49.43168536,0,e47610,
w746,5,49.45327005,0,w7465,
h246,5,49.47041702,0,h2465,
k804,10,49.47124419,0,k80410,
a685,20,49.49055902,0,a68520,
a699,15,49.53040137,0,a69915,
j365,15,49.58826336,0,j36515,
f345,20,49.61338303,0,f34520,
g497,10,49.6470865,0,g49710,
t451,15,49.65278772,0,t45115,
r701,10,49.65459636,0,r70110,
p981,15,49.65770973,0,p98115,
l661,10,49.68361956,0,l66110,
o302,10,49.70144989,0,o30210,
a275,15,49.73440359,0,a27515,
k754,10,49.74611666,0,k75410,
c895,10,49.77901542,0,c89510,
a457,10,49.78341894,0,a45710,
a818,10,49.79091948,0,a81810,
o973,15,49.87193582,0,o97315,
g989,10,49.8805278,0,g98910,
w422,10,49.93597024,0,w42210,
c139,10,49.99295391,0,c13910,
w193,20,50.00513807,0,w19320,
g558,10,50.09475382,0,g55810,
k603,20,50.18010935,0,k60320,
x930,10,50.26069441,0,x93010,
q511,10,50.31164687,0,q51110,
p981,20,50.35806947,0,p98120,
u149,20,50.37805789,0,u14920,
i901,10,50.42124982,0,i90110,
k804,15,50.47761824,0,k80415,
p438,10,50.51749789,0,p43810,
l264,10,50.65958094,0,l26410,
u327,15,50.65996437,0,u32715,
t724,10,50.70389965,0,t72410,
a699,20,50.71242334,0,a69920,
m269,10,50.86013006,0,m26910,
p136,10,50.90789028,0,p13610,
g558,15,51.007258,0,g55815,
n671,10,51.03935653,0,n67110,
t451,20,51.06367793,0,t45120,
f545,10,51.07251225,0,f54510,
k210,15,51.07355752,0,k21015,
a818,15,51.22756565,0,a81815,
q119,10,51.23660557,0,q11910,
w584,15,51.26543971,0,w58415,
k754,15,51.32356994,0,k75415,
b559,15,51.37886229,0,b55915,
o302,15,51.38148886,0,o30215,
i901,15,51.41964239,0,i90115,
j755,15,51.45397391,0,j75515,
a963,20,51.46373448,0,a96320,
c757,15,51.532603,0,c75715,
b759,15,51.58779906,0,b75915,
b487,15,51.68325586,0,b48715,
d474,20,51.73149416,0,d47420,
g989,10,51.74515613,0,g98910,
w167,10,51.82640965,0,w16710,
c139,15,51.8332246,0,c13915,
a699,25,51.84638147,0,a69925,
a685,25,51.93995092,0,a68525,
c282,20,51.95057423,0,c28220,
x930,15,51.97376864,0,x93015,
a492,15,51.9852629,0,a49215,
k210,20,51.99761855,0,k21020,
v603,15,52.10294744,0,v60315,
a963,25,52.12980374,0,a96325,
q511,15,52.13308139,0,q51115,
p438,15,52.19836818,0,p43815,
l471,20,52.22832698,0,l47120,
w422,15,52.24630985,0,w42215,
r701,15,52.48480443,0,r70115,
x930,20,52.55606575,0,x93020,
v289,15,52.60216564,0,v28915,
q511,20,52.67271205,0,q51120,
s565,10,52.7775271,0,s56510,
p438,20,52.90529861,0,p43820,
u149,25,52.92534846,0,u14925,
f345,25,53.0788944,0,f34525,
r107,15,53.09033546,0,r10715,
u327,20,53.18987907,0,u32720,
p387,10,53.36296294,0,p38710,
b487,20,53.42766344,0,b48720,
g107,10,53.43598668,0,g10710,
g989,15,53.44201976,0,g98915,
a366,10,53.52399007,0,a36610,
a492,20,53.67719253,0,a49220,
v603,20,53.72124193,0,v60320,
x930,25,53.7261013,0,x93025,
w167,15,53.90048909,0,w16715,
e476,15,54.04621267,0,e47615,
r701,20,54.11413742,0,r70120,
n671,15,54.21606411,0,n67115,
v289,20,54.25005397,0,v28920,
d474,25,54.27932462,0,d47425,
a699,30,54.37934505,0,a69930,
b759,20,54.44303502,0,b75920,
k804,20,54.48451945,0,k80420,
p438,25,54.51057493,0,p43825,
k210,25,54.61397279,0,k21025,
n671,20,54.82252091,0,n67120,
a818,20,54.8346245,0,a81820,
b759,25,55.08363235,0,b75925,
e476,20,55.24927296,0,e47620,
p387,15,55.25138033,0,p38715,
r107,20,55.2638584,0,r10720,
a366,15,55.26558163,0,a36615,
d474,30,55.34134157,0,d47430,
t451,25,55.52755345,0,t45125,
t724,15,55.58461724,0,t72415,
m269,15,55.9053436,0,m26915,
i901,20,55.97440502,0,i90120,
u327,25,56.05963409,0,u32725,
n671,25,56.17445785,0,n67125,
o302,20,56.17761143,0,o30220,
p438,30,56.40642173,0,p43830,
d474,35,56.47911257,0,d47435,
i901,25,56.575195,0,i90125,
p387,20,56.5876168,0,p38720,
v289,25,56.72009545,0,v28925,
c139,20,56.74200681,0,c13920,
a818,25,56.96627332,0,a81825,
t724,20,57.22940914,0,t72420,
q511,25,57.25758287,0,q51125,
a366,20,57.28598742,0,a36620,
u327,30,57.31407239,0,u32730,
e476,25,57.408638,0,e47625,
w167,20,57.54815669,0,w16720,
p387,25,58.09848946,0,p38725,
g107,15,58.13554485,0,g10715,
a366,25,59.01172817,0,a36625,
t451,30,59.27582268,0,t45130,
a818,30,60.07237198,0,a81830,
n671,30,60.16518046,0,n67130,
o302,25,60.51710253,0,o30225,
i901,30,60.59185755,0,i90130,
m269,20,61.14586638,0,m26920,
c139,25,61.46196976,0,c13925,
w167,25,61.86857673,0,w16725,
i901,35,62.12733561,0,i90135,
g107,20,62.70603145,0,g10720,
p387,30,63.26924552,0,p38730,
a818,35,63.29854586,0,a81835,
t451,35,63.75698964,0,t45135,
i901,40,64.30345451,0,i90140,
g107,25,64.66362579,0,g10725,
m269,25,64.89301976,0,m26925,
i901,45,65.34181087,0,i90145,
w167,30,67.19787186,0,w16730,
w167,35,68.13428817,0,w16735,
g107,30,69.16051982,0,g10730,
g107,35,71.90511721,0,g10735,
k403,45,22.05012627,1,k40345,
s185,45,23.34359787,1,s18545,
k403,40,24.36550471,1,k40340,
s185,40,25.47214326,1,s18540,
k403,35,26.54699343,1,k40335,
s185,35,28.32853059,1,s18535,
m601,45,28.43096411,1,m60145,
g791,45,29.12847181,1,g79145,
m546,45,30.56462509,1,m54645,
m601,35,30.83435704,1,m60135,
g791,35,30.96039194,1,g79135,
j913,40,31.00186078,1,j91340,
n364,45,31.09533505,1,n36445,
k403,30,31.09949753,1,k40330,
g791,40,31.36940573,1,g79140,
m601,40,31.3780453,1,m60140,
j913,45,31.56046955,1,j91345,
m601,30,31.75827491,1,m60130,
m957,35,32.56283914,1,m95735,
c758,40,32.83318858,1,c75840,
m957,40,32.94761484,1,m95740,
s185,30,32.95967078,1,s18530,
a644,45,32.97852192,1,a64445,
k403,20,32.99772858,1,k40320,
m601,25,33.11875607,1,m60125,
m957,45,33.32909778,1,m95745,
c758,45,33.39765251,1,c75845,
k403,25,33.46457735,1,k40325,
i177,25,34.0821803,1,i17725,
k403,15,34.22399174,1,k40315,
m601,20,34.2557317,1,m60120,
n364,35,34.48752204,1,n36435,
j989,30,34.67178107,1,j98930,
i177,30,34.71147302,1,i17730,
g791,30,34.95258284,1,g79130,
n364,40,34.95473311,1,n36440,
k403,10,35.01427146,1,k40310,
m546,40,35.1145752,1,m54640,
j989,35,35.1155898,1,j98935,
i177,35,35.1521662,1,i17735,
m601,15,35.46461175,1,m60115,
j989,40,35.50119014,1,j98940,
g791,25,35.56939935,1,g79125,
i738,30,35.57877987,1,i73830,
r811,35,36.00302016,1,r81135,
j989,45,36.13485243,1,j98945,
i738,35,36.17595269,1,i73835,
g288,40,36.35685121,1,g28840,
r811,40,36.5200329,1,r81140,
a520,25,36.55858129,1,a52025,
m601,10,36.82536664,1,m60110,
a520,30,36.94770981,1,a52030,
g288,45,37.07402422,1,g28845,
r811,45,37.22565033,1,r81145,
a520,35,37.62471026,1,a52035,
d251,20,37.65209085,1,d25120,
l897,35,37.68276664,1,l89735,
m957,25,37.69543154,1,m95725,
c758,35,37.80238546,1,c75835,
b128,35,37.96764437,1,b12835,
j246,30,38.04408202,1,j24630,
a411,20,38.08737318,1,a41120,
d251,25,38.09751328,1,d25125,
j119,45,38.1251644,1,j11945,
m957,30,38.21247939,1,m95730,
i334,25,38.24881732,1,i33425,
a520,40,38.25972497,1,a52040,
l897,40,38.34390154,1,l89740,
a411,45,38.4076183,1,a41145,
m546,35,38.62753581,1,m54635,
a411,25,38.7014384,1,a41125,
j246,35,38.75326548,1,j24635,
a520,45,38.81036633,1,a52045,
l897,45,38.84687569,1,l89745,
m957,20,38.90934919,1,m95720,
g288,35,38.95411458,1,g28835,
i334,30,39.00555435,1,i33430,
a411,30,39.13073724,1,a41130,
l897,30,39.35279201,1,l89730,
d251,15,39.47278744,1,d25115,
a411,35,39.71723589,1,a41135,
m957,15,39.80445341,1,m95715,
j989,25,39.93411249,1,j98925,
v923,25,40.15641269,1,v92325,
s710,40,40.17192011,1,s71040,
a411,40,40.25881765,1,a41140,
b128,30,40.60533486,1,b12830,
q610,30,40.66834256,1,q61030,
s710,45,40.72857787,1,s71045,
a411,10,40.75978762,1,a41110,
r944,25,41.08699106,1,r94425,
j989,15,41.12835439,1,j98915,
m601,5,41.40859145,1,m6015,
a411,15,41.48416885,1,a41115,
y793,10,41.63001026,1,y79310,
j989,20,41.63534426,1,j98920,
w914,35,41.66491577,1,w91435,
r944,30,41.68079111,1,r94430,
d251,5,41.74635495,1,d2515,
g288,15,42.17230079,1,g28815,
y793,15,42.28366512,1,y79315,
g288,25,42.36869239,1,g28825,
j119,25,42.41716589,1,j11925,
d251,10,42.43225791,1,d25110,
q597,25,42.57570709,1,q59725,
s710,20,42.62996266,1,s71020,
r921,25,42.65534089,1,r92125,
g288,30,42.87446056,1,g28830,
g288,20,42.95712001,1,g28820,
j119,30,43.01368114,1,j11930,
s710,25,43.06040875,1,s71025,
c758,20,43.1263114,1,c75820,
e662,35,43.22027636,1,e66235,
r944,20,43.22567119,1,r94420,
b128,25,43.26214483,1,b12825,
q597,30,43.33916123,1,q59730,
r921,30,43.41938077,1,r92130,
s710,30,43.57170323,1,s71030,
c758,25,43.6022673,1,c75825,
j119,35,43.76570537,1,j11935,
q597,35,43.80720142,1,q59735,
c758,30,44.11827028,1,c75830,
s710,35,44.16051879,1,s71035,
c458,10,44.45437828,1,c45810,
j119,40,44.5850896,1,j11940,
e662,25,44.66459432,1,e66225,
e662,30,45.35023242,1,e66230,
m331,5,45.52301371,1,m3315,
w151,5,45.54607595,1,w1515,
u196,5,45.55746444,1,u1965,
l490,5,45.61253918,1,l4905,
j989,5,45.62071835,1,j9895,
m957,5,45.62238149,1,m9575,
s121,5,45.63566174,1,s1215,
x822,5,45.67110442,1,x8225,
a897,5,45.69112405,1,a8975,
e213,5,45.69925018,1,e2135,
u364,5,45.76088647,1,u3645,
c819,5,45.76924864,1,c8195,
r554,5,45.78174579,1,r5545,
x773,5,45.8508307,1,x7735,
w540,5,45.88537038,1,w5405,
t718,5,45.92125272,1,t7185,
g316,20,45.93332219,1,g31620,
q582,5,45.95539895,1,q5825,
u946,5,45.9918078,1,u9465,
n967,5,46.07719173,1,n9675,
u196,20,46.10536303,1,u19620,
v295,5,46.11181797,1,v2955,
z234,5,46.12935706,1,z2345,
a577,5,46.1977199,1,a5775,
h333,10,46.23384414,1,h33310,
k382,5,46.27499735,1,k3825,
g288,10,46.30400254,1,g28810,
x402,5,46.32757027,1,x4025,
j989,10,46.34383237,1,j98910,
f436,5,46.37079759,1,f4365,
t718,10,46.39268805,1,t71810,
m957,10,46.4145177,1,m95710,
y769,5,46.42265176,1,y7695,
u196,10,46.42294306,1,u19610,
w151,10,46.50147609,1,w15110,
o562,5,46.51495016,1,o5625,
p310,5,46.55853236,1,p3105,
c819,10,46.65839527,1,c81910,
u196,25,46.7053254,1,u19625,
q132,5,46.7163985,1,q1325,
u946,10,46.73050592,1,u94610,
y865,5,46.73500592,1,y8655,
o795,5,46.76092721,1,o7955,
i669,5,46.76466824,1,i6695,
q483,5,46.77681624,1,q4835,
j296,5,46.79925591,1,j2965,
g316,25,46.80922469,1,g31625,
n763,10,46.81731526,1,n76310,
i557,40,46.82106972,1,i55740,
i386,5,46.85369669,1,i3865,
x402,10,46.88696249,1,x40210,
c758,15,46.94094512,1,c75815,
x111,5,46.94101498,1,x1115,
m756,5,47.01036401,1,m7565,
l700,10,47.01356652,1,l70010,
q582,10,47.01357514,1,q58210,
o331,5,47.05966408,1,o3315,
r604,5,47.06774448,1,r6045,
o523,10,47.0810859,1,o52310,
o562,10,47.14767002,1,o56210,
u196,15,47.22717065,1,u19615,
w151,15,47.24292865,1,w15115,
l490,10,47.25960594,1,l49010,
o287,10,47.36020084,1,o28710,
s152,5,47.4590529,1,s1525,
w540,10,47.45906658,1,w54010,
n967,10,47.47172327,1,n96710,
d164,10,47.47464468,1,d16410,
l509,15,47.48859931,1,l50915,
o926,10,47.56567364,1,o92610,
c580,10,47.57017382,1,c58010,
s187,5,47.57671761,1,s1875,
m331,10,47.64687735,1,m33110,
g570,5,47.65642436,1,g5705,
k510,10,47.6582498,1,k51010,
u946,15,47.67302921,1,u94615,
i557,45,47.68596303,1,i55745,
c302,5,47.69067986,1,c3025,
a401,10,47.7259374,1,a40110,
n763,15,47.79809961,1,n76315,
q483,10,47.8391005,1,q48310,
x264,10,47.88712765,1,x26410,
a897,10,47.97292708,1,a89710,
y769,10,48.01516261,1,y76910,
j235,10,48.01878792,1,j23510,
y260,10,48.08180678,1,y26010,
t718,15,48.08512552,1,t71815,
s187,10,48.14635121,1,s18710,
v766,5,48.15125091,1,v7665,
j119,20,48.15820939,1,j11920,
f129,10,48.17971908,1,f12910,
v764,10,48.18900062,1,v76410,
o926,15,48.25424839,1,o92615,
i669,10,48.2816334,1,i66910,
w697,5,48.30182261,1,w6975,
b313,10,48.31937218,1,b31310,
c819,15,48.37099912,1,c81915,
j984,5,48.41072109,1,j9845,
e584,15,48.43041053,1,e58415,
q483,15,48.4684826,1,q48315,
y601,5,48.47500273,1,y6015,
r850,10,48.51509085,1,r85010,
e291,10,48.52974125,1,e29110,
c302,10,48.53356704,1,c30210,
m650,5,48.56249492,1,m6505,
a251,10,48.59117901,1,a25110,
q787,10,48.59386234,1,q78710,
y478,5,48.64107818,1,y4785,
m133,15,48.6652074,1,m13315,
p310,10,48.66560668,1,p31010,
o287,15,48.67945261,1,o28715,
c832,5,48.68546123,1,c8325,
i635,10,48.68575605,1,i63510,
a262,5,48.71756819,1,a2625,
f234,15,48.73519714,1,f23415,
l725,5,48.73631881,1,l7255,
r604,10,48.78655957,1,r60410,
n923,10,48.79194986,1,n92310,
i669,15,48.8576007,1,i66915,
w575,5,48.91385977,1,w5755,
x822,10,48.98371668,1,x82210,
t198,10,49.00080978,1,t19810,
l700,15,49.04022529,1,l70015,
p189,5,49.04870704,1,p1895,
s121,10,49.04883479,1,s12110,
m550,5,49.05409736,1,m5505,
x581,10,49.06702788,1,x58110,
f993,15,49.10697473,1,f99315,
u946,20,49.11004966,1,u94620,
y163,10,49.1123991,1,y16310,
x402,15,49.1199478,1,x40215,
x111,10,49.12296898,1,x11110,
n678,10,49.14570866,1,n67810,
b879,5,49.15615628,1,b8795,
g570,10,49.18823167,1,g57010,
b313,15,49.18838735,1,b31315,
s337,20,49.20205408,1,s33720,
v991,5,49.21432799,1,v9915,
s141,15,49.23234538,1,s14115,
n304,20,49.25330863,1,n30420,
n763,20,49.25812581,1,n76320,
k894,10,49.27287011,1,k89410,
z581,5,49.27309187,1,z5815,
c402,5,49.3426301,1,c4025,
e291,15,49.3484262,1,e29115,
z795,15,49.36813189,1,z79515,
l215,5,49.48194935,1,l2155,
c766,10,49.50027098,1,c76610,
a577,10,49.5096389,1,a57710,
y865,10,49.52273955,1,y86510,
i635,15,49.53689775,1,i63515,
a262,10,49.59518129,1,a26210,
g296,15,49.65324404,1,g29615,
o809,15,49.68344504,1,o80915,
k510,15,49.6870517,1,k51015,
x822,15,49.69466533,1,x82215,
c819,20,49.76241475,1,c81920,
p310,15,49.77074144,1,p31015,
c832,10,49.81141262,1,c83210,
n967,15,49.82500362,1,n96715,
a401,15,49.93472542,1,a40115,
k894,15,49.9877657,1,k89415,
f129,15,49.98830246,1,f12915,
x264,15,50.00231403,1,x26415,
o725,15,50.01507902,1,o72515,
o331,10,50.12845481,1,o33110,
w575,10,50.13595547,1,w57510,
j984,10,50.14108401,1,j98410,
a788,10,50.15972132,1,a78810,
k382,10,50.18096763,1,k38210,
r850,15,50.21860469,1,r85015,
q483,20,50.2398558,1,q48320,
k483,10,50.29604123,1,k48310,
o809,20,50.33655288,1,o80920,
b879,10,50.33894583,1,b87910,
v766,10,50.36310988,1,v76610,
a275,20,50.51343652,1,a27520,
k862,10,50.52355007,1,k86210,
l490,15,50.52481268,1,l49015,
a251,15,50.53445603,1,a25115,
v835,15,50.54520646,1,v83515,
c402,10,50.56689412,1,c40210,
q633,15,50.5835573,1,q63315,
v409,10,50.64903842,1,v40910,
l700,20,50.73476811,1,l70020,
y865,15,50.80651856,1,y86515,
w350,15,50.8546323,1,w35015,
w575,15,50.86745176,1,w57515,
i669,20,50.87369027,1,i66920,
j365,20,50.93935278,1,j36520,
l661,15,50.94754484,1,l66115,
c927,10,50.96529767,1,c92710,
m650,10,50.96899763,1,m65010,
k894,20,50.98163936,1,k89420,
g867,15,51.06041924,1,g86715,
r604,15,51.07452073,1,r60415,
o795,10,51.1237037,1,o79510,
j235,15,51.16113815,1,j23515,
j984,15,51.16675687,1,j98415,
g989,15,51.32585207,1,g98915,
e227,10,51.34975705,1,e22710,
h246,10,51.36886216,1,h24610,
c559,15,51.41490358,1,c55915,
v719,10,51.49705412,1,v71910,
o562,15,51.50508551,1,o56215,
y163,15,51.52306843,1,y16315,
v766,15,51.54243058,1,v76615,
b879,15,51.61838657,1,b87915,
s141,20,51.6216457,1,s14120,
n923,15,51.73870623,1,n92315,
j365,25,51.8103204,1,j36525,
c819,25,51.82835706,1,c81925,
a203,10,51.8524372,1,a20310,
i635,20,51.87706189,1,i63520,
r604,20,51.90275292,1,r60420,
l490,20,51.90544699,1,l49020,
o973,20,51.9569931,1,o97320,
p136,15,51.99141616,1,p13615,
c580,15,51.991708,1,c58015,
f993,20,52.07951009,1,f99320,
s187,15,52.08163225,1,s18715,
k510,20,52.10557382,1,k51020,
m331,15,52.11008758,1,m33115,
w350,20,52.13232061,1,w35020,
c402,15,52.23071944,1,c40215,
y478,10,52.28893409,1,y47810,
o809,25,52.31817407,1,o80925,
y865,20,52.36198241,1,y86520,
q483,25,52.43006649,1,q48325,
e291,20,52.53376479,1,e29120,
a788,15,52.53994926,1,a78815,
p981,25,52.5447048,1,p98125,
n923,20,52.59920611,1,n92320,
v719,15,52.60910758,1,v71915,
t994,10,52.6141635,1,t99410,
v989,10,52.61468889,1,v98910,
l661,20,52.61749003,1,l66120,
m133,20,52.63688249,1,m13320,
v991,10,52.6449057,1,v99110,
z969,10,52.65608148,1,z96910,
g570,15,52.6826954,1,g57015,
k754,20,52.69342276,1,k75420,
a203,15,52.7778705,1,a20315,
w350,25,52.80591518,1,w35025,
c757,20,52.81863401,1,c75720,
e227,15,52.83394196,1,e22715,
l471,25,52.84755893,1,l47125,
c832,15,52.86453449,1,c83215,
i635,25,52.92882323,1,i63525,
r604,25,52.93685812,1,r60425,
j235,20,52.94290169,1,j23520,
c895,15,52.94946474,1,c89515,
x264,20,53.07426973,1,x26420,
m650,15,53.14955933,1,m65015,
o973,25,53.17981471,1,o97325,
l733,20,53.24431157,1,l73320,
k483,15,53.24445813,1,k48315,
c927,15,53.26643087,1,c92715,
z795,20,53.28065717,1,z79520,
q633,20,53.28728681,1,q63320,
w584,20,53.32350743,1,w58420,
a963,30,53.40166738,1,a96330,
t994,15,53.45863887,1,t99415,
a275,25,53.57606417,1,a27525,
y478,15,53.61040585,1,y47815,
o562,20,53.61686347,1,o56220,
g497,15,53.64616804,1,g49715,
l215,10,53.6539696,1,l21510,
c264,15,53.66494165,1,c26415,
w422,20,53.67624336,1,w42220,
s187,20,53.74473406,1,s18720,
s141,25,53.80437038,1,s14125,
f545,15,53.94554429,1,f54515,
b313,20,53.9796797,1,b31320,
b879,20,53.98343568,1,b87920,
v719,20,54.04860769,1,v71920,
a788,20,54.06098332,1,a78820,
p310,20,54.20518054,1,p31020,
l700,25,54.23450181,1,l70025,
s565,15,54.32831664,1,s56515,
f345,30,54.36379731,1,f34530,
j984,20,54.37251567,1,j98420,
j365,30,54.40488176,1,j36530,
k382,15,54.42916821,1,k38215,
a251,20,54.46259376,1,a25120,
k862,15,54.47453362,1,k86215,
c264,20,54.5681957,1,c26420,
y163,20,54.57107607,1,y16320,
v991,15,54.588591,1,v99115,
g570,20,54.64329541,1,g57020,
g989,20,54.65765008,1,g98920,
a492,25,54.70122868,1,a49225,
o562,25,54.74273316,1,o56225,
k483,20,54.77896052,1,k48320,
o331,15,54.78976769,1,o33115,
o809,30,54.8326288,1,o80930,
p136,20,54.91379857,1,p13620,
l733,25,54.95166826,1,l73325,
q483,30,54.95222585,1,q48330,
g558,20,55.09009691,1,g55820,
g497,20,55.09699356,1,g49720,
a203,20,55.17333648,1,a20320,
g989,20,55.32612202,1,g98920,
a685,30,55.45385519,1,a68530,
c927,20,55.48168922,1,c92720,
j755,20,55.49660753,1,j75520,
w575,20,55.5918155,1,w57520,
o809,35,55.62942846,1,o80935,
w584,25,55.65083791,1,w58425,
b559,20,55.65445572,1,b55920,
k804,25,55.67480798,1,k80425,
q633,25,55.6831017,1,q63325,
b759,30,55.74282869,1,b75930,
b313,25,55.74514628,1,b31325,
s141,30,55.84141007,1,s14130,
w350,30,55.87990896,1,w35030,
g989,25,56.04556353,1,g98925,
b487,25,56.05774909,1,b48725,
v603,25,56.07523001,1,v60325,
c819,30,56.0989982,1,c81930,
y163,25,56.17638452,1,y16325,
h246,15,56.18432701,1,h24615,
a492,30,56.20104104,1,a49230,
p136,25,56.28147652,1,p13625,
c282,25,56.29220039,1,c28225,
l733,30,56.31906537,1,l73330,
p981,30,56.33910432,1,p98130,
s187,25,56.48521984,1,s18725,
a699,35,56.51068234,1,a69935,
f345,35,56.52332726,1,f34535,
t994,20,56.52795159,1,t99420,
e227,20,56.6075521,1,e22720,
l700,30,56.653215,1,l70030,
w350,35,56.68355758,1,w35035,
c832,20,56.71023353,1,c83220,
a788,25,56.7702803,1,a78825,
a203,25,56.79320832,1,a20325,
a963,35,56.81397646,1,a96335,
y478,20,56.84885016,1,y47820,
g570,25,56.8494056,1,g57025,
b559,25,57.04366929,1,b55925,
s565,20,57.04618912,1,s56520,
p136,30,57.05280546,1,p13630,
k862,20,57.05784818,1,k86220,
j984,25,57.06435479,1,j98425,
a492,35,57.30855379,1,a49235,
a251,25,57.4146457,1,a25125,
p438,35,57.53855546,1,p43835,
l733,35,57.60079774,1,l73335,
p136,35,57.63078195,1,p13635,
r107,25,57.70666715,1,r10725,
c819,35,57.72953466,1,c81935,
o973,30,57.76995952,1,o97330,
y478,25,57.82697598,1,y47825,
r701,25,57.89848998,1,r70125,
a492,40,57.92849897,1,a49240,
h246,20,57.93591218,1,h24620,
v603,30,57.99055378,1,v60330,
e476,30,57.99279743,1,e47630,
j755,25,58.05581822,1,j75525,
q633,30,58.05725257,1,q63330,
u327,35,58.08902837,1,u32735,
a685,35,58.09262925,1,a68535,
l471,30,58.09360446,1,l47130,
w584,30,58.26844248,1,w58430,
f345,40,58.3155925,1,f34540,
r107,30,58.40647256,1,r10730,
a963,40,58.46378685,1,a96340,
s565,25,58.55361079,1,s56525,
w575,25,58.58732169,1,w57525,
a699,40,58.60544816,1,a69940,
f545,20,58.84118888,1,f54520,
o331,20,58.96572043,1,o33120,
c282,30,59.00590207,1,c28230,
g989,30,59.08229394,1,g98930,
p981,35,59.13102297,1,p98135,
q483,35,59.25348433,1,q48335,
p438,40,59.30528806,1,p43840,
q511,30,59.3643535,1,q51130,
y478,30,59.37461452,1,y47830,
l733,40,59.4435065,1,l73340,
a203,30,59.52319728,1,a20330,
h246,25,59.5488537,1,h24625,
o562,30,59.65352453,1,o56230,
t724,25,59.82606797,1,t72425,
a251,30,59.86124129,1,a25130,
c282,35,59.88765475,1,c28235,
k210,30,59.98950976,1,k21030,
j755,30,60.00720978,1,j75530,
e476,35,60.0643402,1,e47635,
a492,45,60.12201052,1,a49245,
w575,30,60.15306524,1,w57530,
d474,40,60.23373278,1,d47440,
o973,35,60.24221931,1,o97335,
f545,25,60.25348139,1,f54525,
g570,30,60.32871705,1,g57030,
r701,30,60.34181872,1,r70130,
a788,30,60.41370908,1,a78830,
u327,40,60.46654541,1,u32740,
e227,25,60.60029169,1,e22725,
q511,35,60.83866059,1,q51135,
a251,35,60.90388455,1,a25135,
f345,45,60.91876652,1,f34545,
o331,25,61.10230575,1,o33125,
b559,30,61.19038663,1,b55930,
j984,30,61.24050573,1,j98430,
p136,40,61.38024887,1,p13640,
l471,35,61.40599916,1,l47135,
p438,45,61.43389223,1,p43845,
l700,35,61.46260354,1,l70035,
e476,40,61.52527583,1,e47640,
y478,35,61.88802678,1,y47835,
o302,30,62.03059364,1,o30230,
c819,40,62.17570465,1,c81940,
a699,45,62.19141437,1,a69945,
e476,45,62.43540402,1,e47645,
j755,35,62.7328576,1,j75535,
a963,45,62.76509317,1,a96345,
l700,40,62.98667798,1,l70040,
a251,40,63.09507565,1,a25140,
q633,35,63.1256593,1,q63335,
v603,35,63.18943184,1,v60335,
k210,35,63.32933023,1,k21035,
a366,30,63.44068627,1,a36630,
h246,30,63.59960954,1,h24630,
s565,30,63.66896678,1,s56530,
l471,40,63.84485785,1,l47140,
l700,45,63.94664044,1,l70045,
j984,35,64.05539896,1,j98435,
c139,30,64.14987077,1,c13930,
q483,40,64.19234114,1,q48340,
l733,45,64.29983003,1,l73345,
r701,35,64.73001045,1,r70135,
o562,35,65.36076742,1,o56235,
a251,45,65.52574285,1,a25145,
b559,35,65.70576275,1,b55935,
f545,30,65.89398607,1,f54530,
y478,40,65.97112017,1,y47840,
o331,30,66.33066347,1,o33130,
p387,35,66.4922038,1,p38735,
r701,40,66.64072178,1,r70140,
f545,35,66.74292417,1,f54535,
y478,45,66.84263453,1,y47845,
j755,40,67.2077103,1,j75540,
t451,40,67.65479599,1,t45140,
m269,30,67.71250988,1,m26930,
l471,45,67.74866174,1,l47145,
j984,40,67.77708036,1,j98440,
c139,35,67.82141969,1,c13935,
m269,35,68.68991735,1,m26935,
t451,45,68.7116302,1,t45145,
p387,40,69.03887618,1,p38740,
a818,40,69.27381374,1,a81840,
j755,45,69.56362076,1,j75545,
r701,45,69.77854407,1,r70145,
b559,40,69.96961645,1,b55940,
m269,40,70.21464419,1,m26940,
j984,45,70.65383162,1,j98445,
f545,40,71.10811835,1,f54540,
o562,40,71.17246321,1,o56240,
b559,45,73.05136339,1,b55945,
f545,45,73.32443228,1,f54545,
m269,45,75.12368955,1,m26945,
y793,40,31.47541076,2,y79340,
y793,45,31.8962384,2,y79345,
u364,35,35.45948978,2,u36435,
r554,15,35.46375763,2,r55415,
u364,25,35.50361557,2,u36425,
i177,40,35.55793279,2,i17740,
w914,40,35.61130861,2,w91440,
y793,30,35.72602314,2,y79330,
u364,30,35.9783344,2,u36430,
r554,20,36.01558858,2,r55420,
u364,40,36.02413752,2,u36440,
w914,45,36.04104736,2,w91445,
y793,35,36.3278696,2,y79335,
i334,45,36.37451039,2,i33445,
q610,35,36.56165229,2,q61035,
i738,40,36.84389799,2,i73840,
d251,45,37.31123552,2,d25145,
i738,45,37.31184577,2,i73845,
d251,35,37.70852942,2,d25135,
c458,25,37.75314964,2,c45825,
d251,40,38.26540379,2,d25140,
c458,30,38.34200823,2,c45830,
b128,40,38.3797259,2,b12840,
d251,30,38.71825638,2,d25130,
b128,45,38.98287774,2,b12845,
y793,25,38.9927339,2,y79325,
r554,10,39.0054935,2,r55410,
c458,20,39.50513508,2,c45820,
i334,35,39.7695521,2,i33435,
g316,45,40.1592203,2,g31645,
l509,35,40.2072885,2,l50935,
u364,20,40.34394812,2,u36420,
r944,35,40.40176542,2,r94435,
i334,40,40.44237037,2,i33440,
v923,45,40.65812366,2,v92345,
e662,45,40.65900627,2,e66245,
y793,20,40.71642815,2,y79320,
v923,30,40.75221626,2,v92330,
l509,40,40.77081259,2,l50940,
r944,40,41.0420449,2,r94440,
v923,35,41.43924156,2,v92335,
r944,45,41.58152074,2,r94445,
v923,40,42.1510148,2,v92340,
u196,40,43.45368679,2,u19640,
l509,25,44.00625702,2,l50925,
e662,40,44.00672385,2,e66240,
g316,30,44.22147988,2,g31630,
q597,40,44.47182121,2,q59740,
g316,35,44.70283296,2,g31635,
l509,30,44.70805473,2,l50930,
c458,15,45.10742313,2,c45815,
q597,45,45.22086888,2,q59745,
g316,40,45.56582103,2,g31640,
u364,10,46.56841719,2,u36410,
u196,35,47.00146542,2,u19635,
x773,10,47.18920597,2,x77310,
u364,15,47.21219992,2,u36415,
e213,10,47.3915712,2,e21310,
v295,10,47.53946216,2,v29510,
u196,30,47.62281636,2,u19630,
q132,10,47.95384377,2,q13210,
l509,20,48.07045162,2,l50920,
f436,10,48.14697758,2,f43610,
w540,15,48.25014636,2,w54015,
q582,15,48.32264018,2,q58215,
j296,10,48.52997762,2,j29610,
f436,15,48.72207785,2,f43615,
w697,10,48.925056,2,w69710,
q787,15,49.21773243,2,q78715,
v764,15,49.41262418,2,v76415,
w151,20,49.55426295,2,w15120,
x581,15,49.74642744,2,x58115,
t198,15,49.7811808,2,t19815,
i386,10,49.86154739,2,i38610,
y260,15,50.19615224,2,y26015,
q787,20,50.22993419,2,q78720,
e584,20,50.34492095,2,e58420,
x402,20,50.41475041,2,x40220,
z581,10,50.47875016,2,z58110,
m550,10,50.54803457,2,m55010,
c766,15,50.59663325,2,c76615,
v295,15,50.66605391,2,v29515,
w540,20,50.67272745,2,w54020,
h333,15,50.69260358,2,h33315,
j296,15,50.70127959,2,j29615,
l725,10,50.82391154,2,l72510,
s121,15,50.82456031,2,s12115,
o287,20,50.85614078,2,o28720,
a577,15,50.91500662,2,a57715,
s337,25,50.9706889,2,s33725,
f234,20,51.11271293,2,f23420,
q582,20,51.18597648,2,q58220,
z581,15,51.1963042,2,z58115,
v835,20,51.29654266,2,v83520,
e584,25,51.38641908,2,e58425,
g296,20,51.4471183,2,g29620,
p189,10,51.58216168,2,p18910,
i386,15,51.73656088,2,i38615,
e213,15,51.7916953,2,e21315,
z581,20,51.80794416,2,z58120,
o926,20,51.82663825,2,o92620,
w151,25,51.8690587,2,w15125,
x822,20,51.91490968,2,x82220,
q582,25,51.96821056,2,q58225,
h333,20,51.99780618,2,h33320,
s121,20,52.0050659,2,s12120,
f234,25,52.17860221,2,f23425,
s152,10,52.1816442,2,s15210,
a401,20,52.20451136,2,a40120,
k894,25,52.32583833,2,k89425,
a897,15,52.34308525,2,a89715,
a577,20,52.36518457,2,a57720,
x402,25,52.43173664,2,x40225,
w540,25,52.60026955,2,w54025,
c559,20,52.60436695,2,c55920,
e213,20,52.61376289,2,e21320,
t718,20,52.6367,2,t71820,
q582,30,52.6488935,2,q58230,
w697,15,52.65726519,2,w69715,
q787,25,52.71318786,2,q78725,
c302,15,52.71663459,2,c30215,
y769,15,52.76102114,2,y76915,
l661,25,53.18065678,2,l66125,
i669,25,53.30318455,2,i66925,
n763,25,53.40587053,2,n76325,
i635,30,53.5970382,2,i63530,
p189,15,53.6755415,2,p18915,
c895,20,53.6768396,2,c89520,
q582,35,53.71315792,2,q58235,
h333,25,53.73091434,2,h33325,
a262,15,53.82797367,2,a26215,
n304,25,53.97085924,2,n30425,
x822,25,54.04133326,2,x82225,
m133,25,54.08243662,2,m13325,
l725,15,54.24456268,2,l72515,
z581,25,54.31640682,2,z58125,
a577,25,54.38093154,2,a57725,
a275,30,54.44471317,2,a27530,
c559,25,54.55544168,2,c55925,
r604,30,54.68821536,2,r60430,
z969,15,54.71300452,2,z96915,
c402,20,54.88332044,2,c40220,
y769,20,55.02572434,2,y76920,
q787,30,55.03620625,2,q78730,
i386,20,55.08772445,2,i38620,
e291,25,55.1389525,2,e29125,
e213,25,55.22447615,2,e21325,
l661,30,55.32909936,2,l66130,
p310,25,55.34183416,2,p31025,
x822,30,55.44515483,2,x82230,
h333,30,55.45528975,2,h33330,
c580,20,55.57532195,2,c58020,
s121,25,55.65068132,2,s12125,
i635,35,55.67999656,2,i63535,
g558,25,55.75408257,2,g55825,
l490,25,55.81003359,2,l49025,
o795,15,55.88633793,2,o79515,
z581,30,56.28674991,2,z58130,
c580,25,56.28906231,2,c58025,
a275,35,56.35353804,2,a27535,
b879,25,56.46998744,2,b87925,
l661,35,56.47412871,2,l66135,
c927,25,56.54551947,2,c92725,
w151,30,56.76715821,2,w15130,
m650,20,56.7779388,2,m65020,
x822,35,56.79656665,2,x82235,
n923,25,56.85546498,2,n92325,
f234,30,56.87381654,2,f23430,
x264,25,56.89105283,2,x26425,
w422,25,56.95791715,2,w42225,
j365,35,56.96120016,2,j36535,
c264,25,56.96676876,2,c26425,
a262,20,57.01331331,2,a26220,
a577,30,57.03186187,2,a57730,
c757,25,57.10641821,2,c75725,
c559,30,57.14614388,2,c55930,
y865,25,57.17353846,2,y86525,
s152,15,57.22498064,2,s15215,
k483,25,57.43200731,2,k48325,
g497,25,57.52444611,2,g49725,
c895,25,57.53419288,2,c89525,
v991,20,57.74069459,2,v99120,
f234,35,57.74875831,2,f23435,
c264,30,57.82391556,2,c26430,
k382,20,57.82435071,2,k38220,
z969,20,57.89877823,2,z96920,
z795,25,57.94709984,2,z79525,
c402,25,58.26988853,2,c40225,
w151,35,58.33914095,2,w15135,
k862,25,58.7192973,2,k86225,
c832,25,58.89181644,2,c83225,
r604,35,59.21700015,2,r60435,
k804,30,59.24061511,2,k80430,
y163,30,59.41253724,2,y16330,
c559,35,59.45504074,2,c55935,
x822,40,59.55568466,2,x82240,
l725,20,59.6151548,2,l72520,
k483,30,59.74707708,2,k48330,
z795,30,59.7896359,2,z79530,
s187,30,60.00878263,2,s18730,
v991,25,60.01674733,2,v99125,
c757,30,60.09857184,2,c75730,
a262,25,60.13186217,2,a26225,
r604,40,60.18611531,2,r60440,
z795,35,60.43565416,2,z79535,
c832,30,60.49637579,2,c83230,
k483,35,60.54156159,2,k48335,
a685,40,60.56790371,2,a68540,
c927,30,60.7539246,2,c92730,
b879,30,60.90761481,2,b87930,
c895,30,60.96971133,2,c89530,
c264,35,61.07479506,2,c26435,
g497,30,61.108186,2,g49730,
c832,35,61.12448717,2,c83235,
y163,35,61.73019562,2,y16335,
a203,35,61.93165007,2,a20335,
k804,35,62.11727887,2,k80435,
w151,40,62.18795039,2,w15140,
m650,25,62.2535969,2,m65025,
w350,40,62.32434769,2,w35040,
j365,40,62.32717066,2,j36540,
g570,35,62.3304204,2,g57035,
s152,20,62.35160945,2,s15220,
e227,30,62.46438515,2,e22730,
g989,35,62.57087961,2,g98935,
c832,40,62.57231816,2,c83240,
z969,25,63.14565213,2,z96925,
q511,40,63.19442807,2,q51140,
p136,45,63.48869678,2,p13645,
a203,40,63.59349002,2,a20340,
y163,40,63.62067958,2,y16340,
w575,35,63.68644503,2,w57535,
c402,30,63.74319428,2,c40230,
g497,35,64.0948893,2,g49735,
s152,25,64.11914213,2,s15225,
t724,30,64.2345947,2,t72430,
b879,35,64.26088633,2,b87935,
c757,35,64.29116351,2,c75735,
j365,45,64.29408493,2,j36545,
o973,40,64.48781246,2,o97340,
s565,35,64.77657909,2,s56535,
w350,45,64.95756185,2,w35045,
l725,25,65.00882889,2,l72525,
c282,40,65.02179944,2,c28240,
c264,40,65.70832272,2,c26440,
c402,35,65.8079627,2,c40235,
c282,45,65.81516535,2,c28245,
u327,45,66.26880133,2,u32745,
c757,40,66.60436771,2,c75740,
k210,40,66.62283628,2,k21040,
b879,40,67.18912666,2,b87940,
h246,35,67.2112701,2,h24635,
s565,40,67.22100698,2,s56540,
g497,40,67.74281406,2,g49740,
t724,35,67.74432795,2,t72435,
c264,45,67.94212107,2,c26445,
a203,45,67.97341878,2,a20345,
q633,40,68.49863876,2,q63340,
g570,40,68.52585616,2,g57040,
c139,40,69.42814095,2,c13940,
t724,40,69.72832559,2,t72440,
g497,45,69.87225079,2,g49745,
o331,35,70.12623754,2,o33135,
c402,40,70.22229679,2,c40240,
g570,45,70.49278763,2,g57045,
q633,45,70.82779631,2,q63345,
h246,40,71.15083468,2,h24640,
c139,45,72.2267309,2,c13945,
o562,45,72.45542116,2,o56245,
b879,45,72.55523894,2,b87945,
s565,45,72.58896447,2,s56545,
h246,45,74.10408567,2,h24645,
a818,45,74.99776443,2,a81845,
t724,45,75.11328801,2,t72445,
u364,45,31.02392294,3,u36445,
r554,40,31.80484133,3,r55440,
r554,45,32.37735684,3,r55445,
r554,30,32.68065459,3,r55430,
r554,35,33.06933705,3,r55435,
i177,45,33.56240217,3,i17745,
r554,25,33.89334515,3,r55425,
u196,45,40.66771292,3,u19645,
l509,45,41.48300765,3,l50945,
x773,15,47.67123558,3,x77315,
q132,15,49.15974862,3,q13215,
x773,20,49.7397129,3,x77320,
y260,20,50.72958174,3,y26020,
x773,25,51.10442109,3,x77325,
m550,15,51.16606544,3,m55015,
x581,20,51.20796943,3,x58120,
t198,20,51.49073998,3,t19820,
x581,25,51.93528318,3,x58125,
o287,25,52.06848642,3,o28725,
s337,30,52.74771768,3,s33730,
c766,20,53.00686463,3,c76620,
m550,20,53.75794476,3,m55020,
j296,20,54.00534209,3,j29620,
c302,20,54.08090836,3,c30220,
a401,25,54.20983551,3,a40125,
w697,20,54.22809098,3,w69720,
x402,30,54.35158463,3,x40230,
k894,30,54.40012279,3,k89430,
o287,30,54.50300122,3,o28730,
a897,20,54.59570541,3,a89720,
o926,25,54.76333852,3,o92625,
s337,35,54.81081251,3,s33735,
e584,30,54.98440767,3,e58430,
n304,30,55.03901985,3,n30430,
c302,25,55.07622853,3,c30225,
x402,35,55.24096223,3,x40235,
n763,30,55.41365961,3,n76330,
x581,30,55.49282602,3,x58130,
g296,25,55.6701066,3,g29625,
v295,20,55.73137535,3,v29520,
j296,25,55.76714817,3,j29625,
t718,25,55.87658787,3,t71825,
a401,30,55.91016159,3,a40130,
t198,25,56.18466399,3,t19825,
a897,25,56.41331977,3,a89725,
e213,30,56.45872864,3,e21330,
p189,20,56.53020447,3,p18920,
i386,25,56.68786392,3,i38625,
x402,40,56.69172294,3,x40240,
j296,30,56.80306121,3,j29630,
i635,40,56.84243514,3,i63540,
o926,30,56.91739838,3,o92630,
t198,30,56.92497431,3,t19830,
n763,35,57.38241296,3,n76335,
c302,30,57.41974389,3,c30230,
w697,25,57.6103943,3,w69725,
v295,25,57.69185918,3,v29525,
t718,30,57.70411372,3,t71830,
t198,35,57.73594116,3,t19835,
l490,30,57.91838132,3,l49030,
g296,30,57.99770642,3,g29630,
c580,30,58.04656941,3,c58030,
x581,35,58.07758293,3,x58135,
e584,35,58.08655989,3,e58435,
x264,30,58.15869423,3,x26430,
c766,25,58.21462437,3,c76625,
e213,35,58.24585435,3,e21335,
y769,25,58.33595901,3,y76925,
o926,35,58.59399318,3,o92635,
z581,35,58.62839878,3,z58135,
i635,45,58.63340414,3,i63545,
j296,35,58.71448296,3,j29635,
g558,30,58.95282911,3,g55830,
y865,30,59.0332753,3,y86530,
i386,30,59.13364029,3,i38630,
l661,40,59.20566876,3,l66140,
v295,30,59.33377202,3,v29530,
k382,25,59.50390392,3,k38225,
n923,30,59.63256052,3,n92330,
l661,45,59.85195552,3,l66145,
o926,40,59.90304448,3,o92640,
a897,30,59.91693443,3,a89730,
z581,40,60.05373963,3,z58140,
j296,40,60.07268848,3,j29640,
w422,30,60.09663467,3,w42230,
e213,40,60.23654797,3,e21340,
c766,30,60.2559245,3,c76630,
x581,40,60.28040549,3,x58140,
q787,35,60.33385242,3,q78735,
a401,35,60.34714467,3,a40135,
n923,35,60.35629432,3,n92335,
t718,35,60.46389851,3,t71835,
k862,30,60.60543979,3,k86230,
o795,20,60.61005916,3,o79520,
w697,30,60.72063591,3,w69730,
c559,40,60.86184431,3,c55940,
a275,40,60.92153868,3,a27540,
y769,30,61.07194886,3,y76930,
y865,35,61.15313991,3,y86535,
x822,45,61.38666032,3,x82245,
t718,40,61.5303989,3,t71840,
x402,45,61.61960615,3,x40245,
j296,45,61.84902336,3,j29645,
c927,35,61.87227365,3,c92735,
v295,35,61.89315267,3,v29535,
q787,40,62.0341267,3,q78740,
p189,25,62.10895956,3,p18925,
c302,35,62.23657157,3,c30235,
z795,40,62.37663884,3,z79540,
r604,45,62.67075904,3,r60445,
v991,30,62.74364308,3,v99130,
z581,45,62.75445141,3,z58145,
a275,45,62.99935619,3,a27545,
y769,35,63.43063221,3,y76935,
y865,40,63.46954946,3,y86540,
w697,35,63.68904216,3,w69735,
a897,35,64.0528731,3,a89735,
k483,40,64.13872489,3,k48340,
x581,45,64.63494887,3,x58145,
y865,45,64.72983655,3,y86545,
m650,30,64.90188755,3,m65030,
i386,35,64.92542037,3,i38635,
w575,40,64.93840621,3,w57540,
a262,30,64.95809178,3,a26230,
c832,45,65.41595451,3,c83245,
v295,40,65.46607444,3,v29540,
z795,45,65.74107029,3,z79545,
z969,30,65.84101274,3,z96930,
a685,45,66.08306589,3,a68545,
q787,45,66.09647477,3,q78745,
k483,45,66.19691151,3,k48345,
n923,40,66.22960554,3,n92340,
k862,35,66.58072244,3,k86235,
l725,30,66.59954515,3,l72530,
e227,35,66.94912136,3,e22735,
w151,45,67.52748237,3,w15145,
y163,45,67.68556862,3,y16345,
w575,45,68.40128593,3,w57545,
q511,45,68.61106075,3,q51145,
k210,45,68.92318457,3,k21045,
c757,45,69.04284082,3,c75745,
l725,35,69.12570173,3,l72535,
e227,40,70.7152176,3,e22740,
o331,40,71.44774251,3,o33140,
e227,45,73.21293851,3,e22745,
l725,40,73.69349382,3,l72540,
c402,45,74.04039018,3,c40245,
l725,45,76.66881742,3,l72545,
q132,20,51.90902494,4,q13220,
q132,25,52.7804893,4,q13225,
x773,30,52.81311518,4,x77330,
y260,25,54.43756172,4,y26025,
q132,30,54.65654872,4,q13230,
o287,35,55.11829029,4,o28735,
x773,35,55.19273639,4,x77335,
k894,35,55.36266238,4,k89435,
x773,40,55.98767551,4,x77340,
s337,40,56.99481589,4,s33740,
n304,35,57.12241926,4,n30435,
o287,40,57.1971929,4,o28740,
m550,25,57.62068237,4,m55025,
n763,40,58.01114583,4,n76340,
y260,30,58.58267634,4,y26030,
x773,45,58.63497149,4,x77345,
k894,40,58.64705616,4,k89440,
t198,40,59.12995997,4,t19840,
y260,35,59.60355821,4,y26035,
o287,45,59.74190064,4,o28745,
n304,40,59.83050667,4,n30440,
g296,35,60.38451978,4,g29635,
k894,45,60.75270417,4,k89445,
m550,30,60.85654272,4,m55030,
g558,35,60.86215883,4,g55835,
y260,40,60.91417627,4,y26040,
x264,35,61.29960778,4,x26435,
w422,35,61.40961994,4,w42235,
a401,40,61.76860538,4,a40140,
g558,40,61.77496268,4,g55840,
c559,45,61.84005842,4,c55945,
s337,45,62.10965102,4,s33745,
g296,40,62.22191493,4,g29640,
o926,45,62.32796606,4,o92645,
m550,35,62.53915386,4,m55035,
e584,40,62.81687083,4,e58440,
y260,45,62.90944062,4,y26045,
w422,40,63.07258467,4,w42240,
e213,45,63.1056963,4,e21345,
c302,40,63.28107148,4,c30240,
x264,40,63.28328821,4,x26440,
t718,45,63.42369517,4,t71845,
k382,30,63.46944155,4,k38230,
n304,45,63.58639514,4,n30445,
v991,35,63.89531294,4,v99135,
c927,40,64.18322918,4,c92740,
y769,40,64.25102761,4,y76940,
c302,45,64.57522157,4,c30245,
v991,40,64.8511286,4,v99140,
t198,45,64.91136268,4,t19845,
o795,25,65.74177723,4,o79525,
c766,35,65.95236791,4,c76635,
k382,35,66.07918483,4,k38235,
a262,35,66.56196302,4,a26235,
a401,45,66.79415599,4,a40145,
p189,30,67.10453665,4,p18930,
a897,40,67.21174279,4,a89740,
i386,40,67.28962147,4,i38640,
k382,40,67.42095521,4,k38240,
k862,40,67.57134128,4,k86240,
c766,40,67.68529456,4,c76640,
p189,35,67.87377675,4,p18935,
w422,45,67.98953001,4,w42245,
g296,45,68.16319517,4,g29645,
m550,40,68.21072019,4,m55040,
o795,30,68.21706974,4,o79530,
e584,45,68.3597767,4,e58445,
y769,45,68.59474498,4,y76945,
o795,35,69.08509415,4,o79535,
z969,35,69.17624607,4,z96935,
m550,45,69.25350312,4,m55045,
m650,35,69.26574681,4,m65035,
k862,45,69.29914907,4,k86245,
a262,40,69.59273198,4,a26240,
c766,45,69.82314577,4,c76645,
v991,45,70.16774899,4,v99145,
o795,40,70.26647887,4,o79540,
z969,40,70.31490411,4,z96940,
a262,45,70.71762058,4,a26245,
m650,40,70.79706787,4,m65040,
a897,45,72.25596306,4,a89745,
o795,45,73.05945435,4,o79545,
k382,45,73.715619,4,k38245,
z969,45,73.86784476,4,z96945,
m650,45,73.90139912,4,m65045,
p189,40,74.10609077,4,p18940,
p189,45,75.2949359,4,p18945,
o331,45,78.56701362,4,o33145,
